brand,model,link
toyota,2000gt,https://auto.ru/moskovskaya_oblast/cars/toyota/2000gt/all/
toyota,2000gt,https://auto.ru/leningradskaya_oblast/cars/toyota/2000gt/all/
toyota,4runner,https://auto.ru/moskovskaya_oblast/cars/toyota/4runner/all/
toyota,4runner,https://auto.ru/leningradskaya_oblast/cars/toyota/4runner/all/
toyota,allex,https://auto.ru/moskovskaya_oblast/cars/toyota/allex/all/
toyota,allex,https://auto.ru/leningradskaya_oblast/cars/toyota/allex/all/
toyota,allion,https://auto.ru/moskovskaya_oblast/cars/toyota/allion/all/
toyota,allion,https://auto.ru/leningradskaya_oblast/cars/toyota/allion/all/
toyota,alphard,https://auto.ru/moskovskaya_oblast/cars/toyota/alphard/all/
toyota,alphard,https://auto.ru/leningradskaya_oblast/cars/toyota/alphard/all/
toyota,altezza,https://auto.ru/moskovskaya_oblast/cars/toyota/altezza/all/
toyota,altezza,https://auto.ru/leningradskaya_oblast/cars/toyota/altezza/all/
toyota,aqua,https://auto.ru/moskovskaya_oblast/cars/toyota/aqua/all/
toyota,aqua,https://auto.ru/leningradskaya_oblast/cars/toyota/aqua/all/
toyota,aristo,https://auto.ru/moskovskaya_oblast/cars/toyota/aristo/all/
toyota,aristo,https://auto.ru/leningradskaya_oblast/cars/toyota/aristo/all/
toyota,aurion,https://auto.ru/moskovskaya_oblast/cars/toyota/aurion/all/
toyota,aurion,https://auto.ru/leningradskaya_oblast/cars/toyota/aurion/all/
toyota,auris,https://auto.ru/moskovskaya_oblast/cars/toyota/auris/all/
toyota,auris,https://auto.ru/leningradskaya_oblast/cars/toyota/auris/all/
toyota,avalon,https://auto.ru/moskovskaya_oblast/cars/toyota/avalon/all/
toyota,avalon,https://auto.ru/leningradskaya_oblast/cars/toyota/avalon/all/
toyota,avanza,https://auto.ru/moskovskaya_oblast/cars/toyota/avanza/all/
toyota,avanza,https://auto.ru/leningradskaya_oblast/cars/toyota/avanza/all/
toyota,avensis,https://auto.ru/moskovskaya_oblast/cars/toyota/avensis/all/
toyota,avensis,https://auto.ru/leningradskaya_oblast/cars/toyota/avensis/all/
toyota,avensis_verso,https://auto.ru/moskovskaya_oblast/cars/toyota/avensis_verso/all/
toyota,avensis_verso,https://auto.ru/leningradskaya_oblast/cars/toyota/avensis_verso/all/
toyota,aygo,https://auto.ru/moskovskaya_oblast/cars/toyota/aygo/all/
toyota,aygo,https://auto.ru/leningradskaya_oblast/cars/toyota/aygo/all/
toyota,bb,https://auto.ru/moskovskaya_oblast/cars/toyota/bb/all/
toyota,bb,https://auto.ru/leningradskaya_oblast/cars/toyota/bb/all/
toyota,belta,https://auto.ru/moskovskaya_oblast/cars/toyota/belta/all/
toyota,belta,https://auto.ru/leningradskaya_oblast/cars/toyota/belta/all/
toyota,blade,https://auto.ru/moskovskaya_oblast/cars/toyota/blade/all/
toyota,blade,https://auto.ru/leningradskaya_oblast/cars/toyota/blade/all/
toyota,blizzard,https://auto.ru/moskovskaya_oblast/cars/toyota/blizzard/all/
toyota,blizzard,https://auto.ru/leningradskaya_oblast/cars/toyota/blizzard/all/
toyota,brevis,https://auto.ru/moskovskaya_oblast/cars/toyota/brevis/all/
toyota,brevis,https://auto.ru/leningradskaya_oblast/cars/toyota/brevis/all/
toyota,c_hr,https://auto.ru/moskovskaya_oblast/cars/toyota/c_hr/all/
toyota,c_hr,https://auto.ru/leningradskaya_oblast/cars/toyota/c_hr/all/
toyota,caldina,https://auto.ru/moskovskaya_oblast/cars/toyota/caldina/all/
toyota,caldina,https://auto.ru/leningradskaya_oblast/cars/toyota/caldina/all/
toyota,cami,https://auto.ru/moskovskaya_oblast/cars/toyota/cami/all/
toyota,cami,https://auto.ru/leningradskaya_oblast/cars/toyota/cami/all/
toyota,camry,https://auto.ru/moskovskaya_oblast/cars/toyota/camry/all/
toyota,camry,https://auto.ru/leningradskaya_oblast/cars/toyota/camry/all/
toyota,camry_solara,https://auto.ru/moskovskaya_oblast/cars/toyota/camry_solara/all/
toyota,camry_solara,https://auto.ru/leningradskaya_oblast/cars/toyota/camry_solara/all/
toyota,carina,https://auto.ru/moskovskaya_oblast/cars/toyota/carina/all/
toyota,carina,https://auto.ru/leningradskaya_oblast/cars/toyota/carina/all/
toyota,carina_e,https://auto.ru/moskovskaya_oblast/cars/toyota/carina_e/all/
toyota,carina_e,https://auto.ru/leningradskaya_oblast/cars/toyota/carina_e/all/
toyota,carina_ed,https://auto.ru/moskovskaya_oblast/cars/toyota/carina_ed/all/
toyota,carina_ed,https://auto.ru/leningradskaya_oblast/cars/toyota/carina_ed/all/
toyota,cavalier,https://auto.ru/moskovskaya_oblast/cars/toyota/cavalier/all/
toyota,cavalier,https://auto.ru/leningradskaya_oblast/cars/toyota/cavalier/all/
toyota,celica,https://auto.ru/moskovskaya_oblast/cars/toyota/celica/all/
toyota,celica,https://auto.ru/leningradskaya_oblast/cars/toyota/celica/all/
toyota,celsior,https://auto.ru/moskovskaya_oblast/cars/toyota/celsior/all/
toyota,celsior,https://auto.ru/leningradskaya_oblast/cars/toyota/celsior/all/
toyota,century,https://auto.ru/moskovskaya_oblast/cars/toyota/century/all/
toyota,century,https://auto.ru/leningradskaya_oblast/cars/toyota/century/all/
toyota,chaser,https://auto.ru/moskovskaya_oblast/cars/toyota/chaser/all/
toyota,chaser,https://auto.ru/leningradskaya_oblast/cars/toyota/chaser/all/
toyota,classic,https://auto.ru/moskovskaya_oblast/cars/toyota/classic/all/
toyota,classic,https://auto.ru/leningradskaya_oblast/cars/toyota/classic/all/
toyota,comfort,https://auto.ru/moskovskaya_oblast/cars/toyota/comfort/all/
toyota,comfort,https://auto.ru/leningradskaya_oblast/cars/toyota/comfort/all/
toyota,coms,https://auto.ru/moskovskaya_oblast/cars/toyota/coms/all/
toyota,coms,https://auto.ru/leningradskaya_oblast/cars/toyota/coms/all/
toyota,corolla,https://auto.ru/moskovskaya_oblast/cars/toyota/corolla/all/
toyota,corolla,https://auto.ru/leningradskaya_oblast/cars/toyota/corolla/all/
toyota,corolla_ii,https://auto.ru/moskovskaya_oblast/cars/toyota/corolla_ii/all/
toyota,corolla_ii,https://auto.ru/leningradskaya_oblast/cars/toyota/corolla_ii/all/
toyota,corolla_levin,https://auto.ru/moskovskaya_oblast/cars/toyota/corolla_levin/all/
toyota,corolla_levin,https://auto.ru/leningradskaya_oblast/cars/toyota/corolla_levin/all/
toyota,corolla_rumion,https://auto.ru/moskovskaya_oblast/cars/toyota/corolla_rumion/all/
toyota,corolla_rumion,https://auto.ru/leningradskaya_oblast/cars/toyota/corolla_rumion/all/
toyota,corolla_spacio,https://auto.ru/moskovskaya_oblast/cars/toyota/corolla_spacio/all/
toyota,corolla_spacio,https://auto.ru/leningradskaya_oblast/cars/toyota/corolla_spacio/all/
toyota,corolla_verso,https://auto.ru/moskovskaya_oblast/cars/toyota/corolla_verso/all/
toyota,corolla_verso,https://auto.ru/leningradskaya_oblast/cars/toyota/corolla_verso/all/
toyota,corona,https://auto.ru/moskovskaya_oblast/cars/toyota/corona/all/
toyota,corona,https://auto.ru/leningradskaya_oblast/cars/toyota/corona/all/
toyota,corona_exiv,https://auto.ru/moskovskaya_oblast/cars/toyota/corona_exiv/all/
toyota,corona_exiv,https://auto.ru/leningradskaya_oblast/cars/toyota/corona_exiv/all/
toyota,corsa,https://auto.ru/moskovskaya_oblast/cars/toyota/corsa/all/
toyota,corsa,https://auto.ru/leningradskaya_oblast/cars/toyota/corsa/all/
toyota,cressida,https://auto.ru/moskovskaya_oblast/cars/toyota/cressida/all/
toyota,cressida,https://auto.ru/leningradskaya_oblast/cars/toyota/cressida/all/
toyota,cresta,https://auto.ru/moskovskaya_oblast/cars/toyota/cresta/all/
toyota,cresta,https://auto.ru/leningradskaya_oblast/cars/toyota/cresta/all/
toyota,crown,https://auto.ru/moskovskaya_oblast/cars/toyota/crown/all/
toyota,crown,https://auto.ru/leningradskaya_oblast/cars/toyota/crown/all/
toyota,crown_majesta,https://auto.ru/moskovskaya_oblast/cars/toyota/crown_majesta/all/
toyota,crown_majesta,https://auto.ru/leningradskaya_oblast/cars/toyota/crown_majesta/all/
toyota,curren,https://auto.ru/moskovskaya_oblast/cars/toyota/curren/all/
toyota,curren,https://auto.ru/leningradskaya_oblast/cars/toyota/curren/all/
toyota,cynos,https://auto.ru/moskovskaya_oblast/cars/toyota/cynos/all/
toyota,cynos,https://auto.ru/leningradskaya_oblast/cars/toyota/cynos/all/
toyota,duet,https://auto.ru/moskovskaya_oblast/cars/toyota/duet/all/
toyota,duet,https://auto.ru/leningradskaya_oblast/cars/toyota/duet/all/
toyota,echo,https://auto.ru/moskovskaya_oblast/cars/toyota/echo/all/
toyota,echo,https://auto.ru/leningradskaya_oblast/cars/toyota/echo/all/
toyota,esquire,https://auto.ru/moskovskaya_oblast/cars/toyota/esquire/all/
toyota,esquire,https://auto.ru/leningradskaya_oblast/cars/toyota/esquire/all/
toyota,estima,https://auto.ru/moskovskaya_oblast/cars/toyota/estima/all/
toyota,estima,https://auto.ru/leningradskaya_oblast/cars/toyota/estima/all/
toyota,etios,https://auto.ru/moskovskaya_oblast/cars/toyota/etios/all/
toyota,etios,https://auto.ru/leningradskaya_oblast/cars/toyota/etios/all/
toyota,fj_cruiser,https://auto.ru/moskovskaya_oblast/cars/toyota/fj_cruiser/all/
toyota,fj_cruiser,https://auto.ru/leningradskaya_oblast/cars/toyota/fj_cruiser/all/
toyota,fortuner,https://auto.ru/moskovskaya_oblast/cars/toyota/fortuner/all/
toyota,fortuner,https://auto.ru/leningradskaya_oblast/cars/toyota/fortuner/all/
toyota,funcargo,https://auto.ru/moskovskaya_oblast/cars/toyota/funcargo/all/
toyota,funcargo,https://auto.ru/leningradskaya_oblast/cars/toyota/funcargo/all/
toyota,gaia,https://auto.ru/moskovskaya_oblast/cars/toyota/gaia/all/
toyota,gaia,https://auto.ru/leningradskaya_oblast/cars/toyota/gaia/all/
toyota,grand_hiace,https://auto.ru/moskovskaya_oblast/cars/toyota/grand_hiace/all/
toyota,grand_hiace,https://auto.ru/leningradskaya_oblast/cars/toyota/grand_hiace/all/
toyota,granvia,https://auto.ru/moskovskaya_oblast/cars/toyota/granvia/all/
toyota,granvia,https://auto.ru/leningradskaya_oblast/cars/toyota/granvia/all/
toyota,gt86,https://auto.ru/moskovskaya_oblast/cars/toyota/gt86/all/
toyota,gt86,https://auto.ru/leningradskaya_oblast/cars/toyota/gt86/all/
toyota,harrier,https://auto.ru/moskovskaya_oblast/cars/toyota/harrier/all/
toyota,harrier,https://auto.ru/leningradskaya_oblast/cars/toyota/harrier/all/
toyota,hiace,https://auto.ru/moskovskaya_oblast/cars/toyota/hiace/all/
toyota,hiace,https://auto.ru/leningradskaya_oblast/cars/toyota/hiace/all/
toyota,highlander,https://auto.ru/moskovskaya_oblast/cars/toyota/highlander/all/
toyota,highlander,https://auto.ru/leningradskaya_oblast/cars/toyota/highlander/all/
toyota,hilux,https://auto.ru/moskovskaya_oblast/cars/toyota/hilux/all/
toyota,hilux,https://auto.ru/leningradskaya_oblast/cars/toyota/hilux/all/
toyota,hilux_surf,https://auto.ru/moskovskaya_oblast/cars/toyota/hilux_surf/all/
toyota,hilux_surf,https://auto.ru/leningradskaya_oblast/cars/toyota/hilux_surf/all/
toyota,innova,https://auto.ru/moskovskaya_oblast/cars/toyota/innova/all/
toyota,innova,https://auto.ru/leningradskaya_oblast/cars/toyota/innova/all/
toyota,ipsum,https://auto.ru/moskovskaya_oblast/cars/toyota/ipsum/all/
toyota,ipsum,https://auto.ru/leningradskaya_oblast/cars/toyota/ipsum/all/
toyota,iq,https://auto.ru/moskovskaya_oblast/cars/toyota/iq/all/
toyota,iq,https://auto.ru/leningradskaya_oblast/cars/toyota/iq/all/
toyota,isis,https://auto.ru/moskovskaya_oblast/cars/toyota/isis/all/
toyota,isis,https://auto.ru/leningradskaya_oblast/cars/toyota/isis/all/
toyota,ist,https://auto.ru/moskovskaya_oblast/cars/toyota/ist/all/
toyota,ist,https://auto.ru/leningradskaya_oblast/cars/toyota/ist/all/
toyota,kluger,https://auto.ru/moskovskaya_oblast/cars/toyota/kluger/all/
toyota,kluger,https://auto.ru/leningradskaya_oblast/cars/toyota/kluger/all/
toyota,land_cruiser,https://auto.ru/moskovskaya_oblast/cars/toyota/land_cruiser/all/
toyota,land_cruiser,https://auto.ru/leningradskaya_oblast/cars/toyota/land_cruiser/all/
toyota,land_cruiser_prado,https://auto.ru/moskovskaya_oblast/cars/toyota/land_cruiser_prado/all/
toyota,land_cruiser_prado,https://auto.ru/leningradskaya_oblast/cars/toyota/land_cruiser_prado/all/
toyota,lite_ace,https://auto.ru/moskovskaya_oblast/cars/toyota/lite_ace/all/
toyota,lite_ace,https://auto.ru/leningradskaya_oblast/cars/toyota/lite_ace/all/
toyota,mark_ii,https://auto.ru/moskovskaya_oblast/cars/toyota/mark_ii/all/
toyota,mark_ii,https://auto.ru/leningradskaya_oblast/cars/toyota/mark_ii/all/
toyota,mark_x,https://auto.ru/moskovskaya_oblast/cars/toyota/mark_x/all/
toyota,mark_x,https://auto.ru/leningradskaya_oblast/cars/toyota/mark_x/all/
toyota,mark_x_zio,https://auto.ru/moskovskaya_oblast/cars/toyota/mark_x_zio/all/
toyota,mark_x_zio,https://auto.ru/leningradskaya_oblast/cars/toyota/mark_x_zio/all/
toyota,master_ace_surf,https://auto.ru/moskovskaya_oblast/cars/toyota/master_ace_surf/all/
toyota,master_ace_surf,https://auto.ru/leningradskaya_oblast/cars/toyota/master_ace_surf/all/
toyota,matrix,https://auto.ru/moskovskaya_oblast/cars/toyota/matrix/all/
toyota,matrix,https://auto.ru/leningradskaya_oblast/cars/toyota/matrix/all/
toyota,mega_cruiser,https://auto.ru/moskovskaya_oblast/cars/toyota/mega_cruiser/all/
toyota,mega_cruiser,https://auto.ru/leningradskaya_oblast/cars/toyota/mega_cruiser/all/
toyota,mirai,https://auto.ru/moskovskaya_oblast/cars/toyota/mirai/all/
toyota,mirai,https://auto.ru/leningradskaya_oblast/cars/toyota/mirai/all/
toyota,model_f,https://auto.ru/moskovskaya_oblast/cars/toyota/model_f/all/
toyota,model_f,https://auto.ru/leningradskaya_oblast/cars/toyota/model_f/all/
toyota,mr_s,https://auto.ru/moskovskaya_oblast/cars/toyota/mr_s/all/
toyota,mr_s,https://auto.ru/leningradskaya_oblast/cars/toyota/mr_s/all/
toyota,mr2,https://auto.ru/moskovskaya_oblast/cars/toyota/mr2/all/
toyota,mr2,https://auto.ru/leningradskaya_oblast/cars/toyota/mr2/all/
toyota,nadia,https://auto.ru/moskovskaya_oblast/cars/toyota/nadia/all/
toyota,nadia,https://auto.ru/leningradskaya_oblast/cars/toyota/nadia/all/
toyota,noah,https://auto.ru/moskovskaya_oblast/cars/toyota/noah/all/
toyota,noah,https://auto.ru/leningradskaya_oblast/cars/toyota/noah/all/
toyota,opa,https://auto.ru/moskovskaya_oblast/cars/toyota/opa/all/
toyota,opa,https://auto.ru/leningradskaya_oblast/cars/toyota/opa/all/
toyota,origin,https://auto.ru/moskovskaya_oblast/cars/toyota/origin/all/
toyota,origin,https://auto.ru/leningradskaya_oblast/cars/toyota/origin/all/
toyota,paseo,https://auto.ru/moskovskaya_oblast/cars/toyota/paseo/all/
toyota,paseo,https://auto.ru/leningradskaya_oblast/cars/toyota/paseo/all/
toyota,passo,https://auto.ru/moskovskaya_oblast/cars/toyota/passo/all/
toyota,passo,https://auto.ru/leningradskaya_oblast/cars/toyota/passo/all/
toyota,passo_sette,https://auto.ru/moskovskaya_oblast/cars/toyota/passo_sette/all/
toyota,passo_sette,https://auto.ru/leningradskaya_oblast/cars/toyota/passo_sette/all/
toyota,picnic,https://auto.ru/moskovskaya_oblast/cars/toyota/picnic/all/
toyota,picnic,https://auto.ru/leningradskaya_oblast/cars/toyota/picnic/all/
toyota,pixis_epoch,https://auto.ru/moskovskaya_oblast/cars/toyota/pixis_epoch/all/
toyota,pixis_epoch,https://auto.ru/leningradskaya_oblast/cars/toyota/pixis_epoch/all/
toyota,pixis_joy,https://auto.ru/moskovskaya_oblast/cars/toyota/pixis_joy/all/
toyota,pixis_joy,https://auto.ru/leningradskaya_oblast/cars/toyota/pixis_joy/all/
toyota,pixis_mega,https://auto.ru/moskovskaya_oblast/cars/toyota/pixis_mega/all/
toyota,pixis_mega,https://auto.ru/leningradskaya_oblast/cars/toyota/pixis_mega/all/
toyota,pixis_space,https://auto.ru/moskovskaya_oblast/cars/toyota/pixis_space/all/
toyota,pixis_space,https://auto.ru/leningradskaya_oblast/cars/toyota/pixis_space/all/
toyota,pixis_van,https://auto.ru/moskovskaya_oblast/cars/toyota/pixis_van/all/
toyota,pixis_van,https://auto.ru/leningradskaya_oblast/cars/toyota/pixis_van/all/
toyota,platz,https://auto.ru/moskovskaya_oblast/cars/toyota/platz/all/
toyota,platz,https://auto.ru/leningradskaya_oblast/cars/toyota/platz/all/
toyota,porte,https://auto.ru/moskovskaya_oblast/cars/toyota/porte/all/
toyota,porte,https://auto.ru/leningradskaya_oblast/cars/toyota/porte/all/
toyota,premio,https://auto.ru/moskovskaya_oblast/cars/toyota/premio/all/
toyota,premio,https://auto.ru/leningradskaya_oblast/cars/toyota/premio/all/
toyota,previa,https://auto.ru/moskovskaya_oblast/cars/toyota/previa/all/
toyota,previa,https://auto.ru/leningradskaya_oblast/cars/toyota/previa/all/
toyota,prius,https://auto.ru/moskovskaya_oblast/cars/toyota/prius/all/
toyota,prius,https://auto.ru/leningradskaya_oblast/cars/toyota/prius/all/
toyota,prius_alpha,https://auto.ru/moskovskaya_oblast/cars/toyota/prius_alpha/all/
toyota,prius_alpha,https://auto.ru/leningradskaya_oblast/cars/toyota/prius_alpha/all/
toyota,prius_c,https://auto.ru/moskovskaya_oblast/cars/toyota/prius_c/all/
toyota,prius_c,https://auto.ru/leningradskaya_oblast/cars/toyota/prius_c/all/
toyota,priusplus,https://auto.ru/moskovskaya_oblast/cars/toyota/priusplus/all/
toyota,priusplus,https://auto.ru/leningradskaya_oblast/cars/toyota/priusplus/all/
toyota,proace,https://auto.ru/moskovskaya_oblast/cars/toyota/proace/all/
toyota,proace,https://auto.ru/leningradskaya_oblast/cars/toyota/proace/all/
toyota,probox,https://auto.ru/moskovskaya_oblast/cars/toyota/probox/all/
toyota,probox,https://auto.ru/leningradskaya_oblast/cars/toyota/probox/all/
toyota,progres,https://auto.ru/moskovskaya_oblast/cars/toyota/progres/all/
toyota,progres,https://auto.ru/leningradskaya_oblast/cars/toyota/progres/all/
toyota,pronard,https://auto.ru/moskovskaya_oblast/cars/toyota/pronard/all/
toyota,pronard,https://auto.ru/leningradskaya_oblast/cars/toyota/pronard/all/
toyota,publica,https://auto.ru/moskovskaya_oblast/cars/toyota/publica/all/
toyota,publica,https://auto.ru/leningradskaya_oblast/cars/toyota/publica/all/
toyota,ractis,https://auto.ru/moskovskaya_oblast/cars/toyota/ractis/all/
toyota,ractis,https://auto.ru/leningradskaya_oblast/cars/toyota/ractis/all/
toyota,raize,https://auto.ru/moskovskaya_oblast/cars/toyota/raize/all/
toyota,raize,https://auto.ru/leningradskaya_oblast/cars/toyota/raize/all/
toyota,raum,https://auto.ru/moskovskaya_oblast/cars/toyota/raum/all/
toyota,raum,https://auto.ru/leningradskaya_oblast/cars/toyota/raum/all/
toyota,rav_4,https://auto.ru/moskovskaya_oblast/cars/toyota/rav_4/all/
toyota,rav_4,https://auto.ru/leningradskaya_oblast/cars/toyota/rav_4/all/
toyota,regius,https://auto.ru/moskovskaya_oblast/cars/toyota/regius/all/
toyota,regius,https://auto.ru/leningradskaya_oblast/cars/toyota/regius/all/
toyota,regiusace,https://auto.ru/moskovskaya_oblast/cars/toyota/regiusace/all/
toyota,regiusace,https://auto.ru/leningradskaya_oblast/cars/toyota/regiusace/all/
toyota,roomy,https://auto.ru/moskovskaya_oblast/cars/toyota/roomy/all/
toyota,roomy,https://auto.ru/leningradskaya_oblast/cars/toyota/roomy/all/
toyota,rush,https://auto.ru/moskovskaya_oblast/cars/toyota/rush/all/
toyota,rush,https://auto.ru/leningradskaya_oblast/cars/toyota/rush/all/
toyota,sai,https://auto.ru/moskovskaya_oblast/cars/toyota/sai/all/
toyota,sai,https://auto.ru/leningradskaya_oblast/cars/toyota/sai/all/
toyota,scepter_sedan,https://auto.ru/moskovskaya_oblast/cars/toyota/scepter_sedan/all/
toyota,scepter_sedan,https://auto.ru/leningradskaya_oblast/cars/toyota/scepter_sedan/all/
toyota,sequoia,https://auto.ru/moskovskaya_oblast/cars/toyota/sequoia/all/
toyota,sequoia,https://auto.ru/leningradskaya_oblast/cars/toyota/sequoia/all/
toyota,sera,https://auto.ru/moskovskaya_oblast/cars/toyota/sera/all/
toyota,sera,https://auto.ru/leningradskaya_oblast/cars/toyota/sera/all/
toyota,sienna,https://auto.ru/moskovskaya_oblast/cars/toyota/sienna/all/
toyota,sienna,https://auto.ru/leningradskaya_oblast/cars/toyota/sienna/all/
toyota,sienta,https://auto.ru/moskovskaya_oblast/cars/toyota/sienta/all/
toyota,sienta,https://auto.ru/leningradskaya_oblast/cars/toyota/sienta/all/
toyota,soarer,https://auto.ru/moskovskaya_oblast/cars/toyota/soarer/all/
toyota,soarer,https://auto.ru/leningradskaya_oblast/cars/toyota/soarer/all/
toyota,soluna,https://auto.ru/moskovskaya_oblast/cars/toyota/soluna/all/
toyota,soluna,https://auto.ru/leningradskaya_oblast/cars/toyota/soluna/all/
toyota,spade,https://auto.ru/moskovskaya_oblast/cars/toyota/spade/all/
toyota,spade,https://auto.ru/leningradskaya_oblast/cars/toyota/spade/all/
toyota,sparky,https://auto.ru/moskovskaya_oblast/cars/toyota/sparky/all/
toyota,sparky,https://auto.ru/leningradskaya_oblast/cars/toyota/sparky/all/
toyota,sports_800,https://auto.ru/moskovskaya_oblast/cars/toyota/sports_800/all/
toyota,sports_800,https://auto.ru/leningradskaya_oblast/cars/toyota/sports_800/all/
toyota,sprinter,https://auto.ru/moskovskaya_oblast/cars/toyota/sprinter/all/
toyota,sprinter,https://auto.ru/leningradskaya_oblast/cars/toyota/sprinter/all/
toyota,sprinter_carib,https://auto.ru/moskovskaya_oblast/cars/toyota/sprinter_carib/all/
toyota,sprinter_carib,https://auto.ru/leningradskaya_oblast/cars/toyota/sprinter_carib/all/
toyota,sprinter_marino,https://auto.ru/moskovskaya_oblast/cars/toyota/sprinter_marino/all/
toyota,sprinter_marino,https://auto.ru/leningradskaya_oblast/cars/toyota/sprinter_marino/all/
toyota,sprinter_trueno,https://auto.ru/moskovskaya_oblast/cars/toyota/sprinter_trueno/all/
toyota,sprinter_trueno,https://auto.ru/leningradskaya_oblast/cars/toyota/sprinter_trueno/all/
toyota,starlet,https://auto.ru/moskovskaya_oblast/cars/toyota/starlet/all/
toyota,starlet,https://auto.ru/leningradskaya_oblast/cars/toyota/starlet/all/
toyota,succeed,https://auto.ru/moskovskaya_oblast/cars/toyota/succeed/all/
toyota,succeed,https://auto.ru/leningradskaya_oblast/cars/toyota/succeed/all/
toyota,supra,https://auto.ru/moskovskaya_oblast/cars/toyota/supra/all/
toyota,supra,https://auto.ru/leningradskaya_oblast/cars/toyota/supra/all/
toyota,tacoma,https://auto.ru/moskovskaya_oblast/cars/toyota/tacoma/all/
toyota,tacoma,https://auto.ru/leningradskaya_oblast/cars/toyota/tacoma/all/
toyota,tank,https://auto.ru/moskovskaya_oblast/cars/toyota/tank/all/
toyota,tank,https://auto.ru/leningradskaya_oblast/cars/toyota/tank/all/
toyota,tercel,https://auto.ru/moskovskaya_oblast/cars/toyota/tercel/all/
toyota,tercel,https://auto.ru/leningradskaya_oblast/cars/toyota/tercel/all/
toyota,touring_hiace,https://auto.ru/moskovskaya_oblast/cars/toyota/touring_hiace/all/
toyota,touring_hiace,https://auto.ru/leningradskaya_oblast/cars/toyota/touring_hiace/all/
toyota,town_ace,https://auto.ru/moskovskaya_oblast/cars/toyota/town_ace/all/
toyota,town_ace,https://auto.ru/leningradskaya_oblast/cars/toyota/town_ace/all/
toyota,tundra,https://auto.ru/moskovskaya_oblast/cars/toyota/tundra/all/
toyota,tundra,https://auto.ru/leningradskaya_oblast/cars/toyota/tundra/all/
toyota,urban_cruiser,https://auto.ru/moskovskaya_oblast/cars/toyota/urban_cruiser/all/
toyota,urban_cruiser,https://auto.ru/leningradskaya_oblast/cars/toyota/urban_cruiser/all/
toyota,vanguard,https://auto.ru/moskovskaya_oblast/cars/toyota/vanguard/all/
toyota,vanguard,https://auto.ru/leningradskaya_oblast/cars/toyota/vanguard/all/
toyota,vellfire,https://auto.ru/moskovskaya_oblast/cars/toyota/vellfire/all/
toyota,vellfire,https://auto.ru/leningradskaya_oblast/cars/toyota/vellfire/all/
toyota,venza,https://auto.ru/moskovskaya_oblast/cars/toyota/venza/all/
toyota,venza,https://auto.ru/leningradskaya_oblast/cars/toyota/venza/all/
toyota,verossa,https://auto.ru/moskovskaya_oblast/cars/toyota/verossa/all/
toyota,verossa,https://auto.ru/leningradskaya_oblast/cars/toyota/verossa/all/
toyota,verso,https://auto.ru/moskovskaya_oblast/cars/toyota/verso/all/
toyota,verso,https://auto.ru/leningradskaya_oblast/cars/toyota/verso/all/
toyota,verso_s,https://auto.ru/moskovskaya_oblast/cars/toyota/verso_s/all/
toyota,verso_s,https://auto.ru/leningradskaya_oblast/cars/toyota/verso_s/all/
toyota,vios,https://auto.ru/moskovskaya_oblast/cars/toyota/vios/all/
toyota,vios,https://auto.ru/leningradskaya_oblast/cars/toyota/vios/all/
toyota,vista,https://auto.ru/moskovskaya_oblast/cars/toyota/vista/all/
toyota,vista,https://auto.ru/leningradskaya_oblast/cars/toyota/vista/all/
toyota,vitz,https://auto.ru/moskovskaya_oblast/cars/toyota/vitz/all/
toyota,vitz,https://auto.ru/leningradskaya_oblast/cars/toyota/vitz/all/
toyota,voltz,https://auto.ru/moskovskaya_oblast/cars/toyota/voltz/all/
toyota,voltz,https://auto.ru/leningradskaya_oblast/cars/toyota/voltz/all/
toyota,voxy,https://auto.ru/moskovskaya_oblast/cars/toyota/voxy/all/
toyota,voxy,https://auto.ru/leningradskaya_oblast/cars/toyota/voxy/all/
toyota,will,https://auto.ru/moskovskaya_oblast/cars/toyota/will/all/
toyota,will,https://auto.ru/leningradskaya_oblast/cars/toyota/will/all/
toyota,will_cypha,https://auto.ru/moskovskaya_oblast/cars/toyota/will_cypha/all/
toyota,will_cypha,https://auto.ru/leningradskaya_oblast/cars/toyota/will_cypha/all/
toyota,windom,https://auto.ru/moskovskaya_oblast/cars/toyota/windom/all/
toyota,windom,https://auto.ru/leningradskaya_oblast/cars/toyota/windom/all/
toyota,wish,https://auto.ru/moskovskaya_oblast/cars/toyota/wish/all/
toyota,wish,https://auto.ru/leningradskaya_oblast/cars/toyota/wish/all/
toyota,yaris,https://auto.ru/moskovskaya_oblast/cars/toyota/yaris/all/
toyota,yaris,https://auto.ru/leningradskaya_oblast/cars/toyota/yaris/all/
toyota,yaris_verso,https://auto.ru/moskovskaya_oblast/cars/toyota/yaris_verso/all/
toyota,yaris_verso,https://auto.ru/leningradskaya_oblast/cars/toyota/yaris_verso/all/
